Comment,Designator,Footprint,LCSC Part #,Quantity
BC-25-3P,BT1,easyeda2kicad:CONN-SMD_BC-25-3P,,1
10pF,"C5,C6",Capacitor_SMD:C_0603_1608Metric,,2
100nF 25V,"C19,C24",Capacitor_SMD:C_0603_1608Metric,,2
10uF 25V,"C20,C21",Capacitor_SMD:C_0805_2012Metric,,2
22uF 25V,C22,Capacitor_SMD:C_0805_2012Metric,,1
1uF,"C23,C45,C46",Capacitor_SMD:C_0603_1608Metric,,3
4.7μF,"C25,C26,C29",Capacitor_SMD:C_0402_1005Metric,,3
0.1uF,"C27,C28,C30,C31,C34,C35,C36,C37,C38,C39,C40,C41",Capacitor_SMD:C_0402_1005Metric,,12
10μF,"C32,C42",Capacitor_SMD:C_0402_1005Metric,,2
4.7μF,C33,Capacitor_SMD:C_0603_1608Metric,,1
1N4148W_C81598,D1,easyeda2kicad:SOD-123F_L2.7-W1.6-LS3.8-RD,,1
USB_C_Receptacle_USB2.0_16P,J1,Connector_USB:USB_C_Receptacle_G-Switch_GT-USB-7010ASV,,1
AOTA-B201610S3R3-101-T,L1,easyeda2kicad:IND-SMD_L2.0-W1.6_AOTA-B201610S3R3-101-T,,1
SWPA3015S2R2MT 2.2uH,L3,easyeda2kicad:IND-SMD_L3.0-W3.0,,1
SK6812SIDE-A_C5378721,"LED1,LED2",easyeda2kicad:LED-SMD_4P-L4.0-W1.6-L,,2
MMBT3904_C181119,Q1,Package_TO_SOT_SMD:SOT-23-3,,1
10K,"R1,R2",Resistor_SMD:R_0402_1005Metric,,2
10k,R3,Resistor_SMD:R_0603_1608Metric,,1
1k,"R4,R49,R54,R55",Resistor_SMD:R_0603_1608Metric,,4
10kΩ,"R6,R9",Resistor_SMD:R_0603_1608Metric,,2
2kΩ,"R7,R8",Resistor_SMD:R_0603_1608Metric,,2
100kΩ,"R11,R12",Resistor_SMD:R_0603_1608Metric,,2
33Ω,"R23,R50,R51",Resistor_SMD:R_0402_1005Metric,,3
5.1k,"R52,R53",Resistor_SMD:R_0402_1005Metric,,2
SK-3296S-01-L3,SW1,easyeda2kicad:SW-SMD_SK-3296S-01-L3,,1
PCF8563TS,U1,Package_SO:MSOP-8_3x3mm_P0.65mm,,1
AP2112K-3.3,U2,Package_TO_SOT_SMD:SOT-23-5,,1
KLJ-5030-5040,U3,easyeda2kicad:BUZ-SMD_3P-L5.0-W5.0-BL,,1
ETA6003Q3Q_C5455585,U5,easyeda2kicad:QFN-16_L3.0-W3.0-P0.50-TL-EP1.7-2,,1
RP2354A,U14,Package_DFN_QFN:QFN-60-1EP_7x7mm_P0.4mm_EP3.4x3.4mm,,1
Crystal,Y1,Crystal:Crystal_SMD_3225-4Pin_3.2x2.5mm,,1
Crystal,Y2,Crystal:Crystal_SMD_3215-2Pin_3.2x1.5mm,,1
