"Reference","Value","Footprint","Manufacturer","MPN","ID","Description","QUANTITY","DNP"
"BT1","BC-25-3P","easyeda2kicad:CONN-SMD_BC-25-3P","韩国韩荣","BC-25-3P","","","1",""
"C5,C6","10pF","Capacitor_SMD:C_0603_1608Metric","","CL10C100JB8NFNC","","","2",""
"C19,C24","100nF 25V","Capacitor_SMD:C_0603_1608Metric","FH(风华)","0603B104K250NT","","","2",""
"C20,C21","10uF 25V","Capacitor_SMD:C_0805_2012Metric","CCTC(三环)","TCC0805X7R106K250FT","","","2",""
"C22","22uF 25V","Capacitor_SMD:C_0805_2012Metric","HRE(芯声)","CGA0805X5R226M250MT","","","1",""
"C23,C45,C46","1uF","Capacitor_SMD:C_0603_1608Metric","CCTC(三环)","TCC0603X7R105K250CT","","","3",""
"C25,C26,C29","4.7μF","Capacitor_SMD:C_0402_1005Metric","","GRM155D80E475ME47J","","Unpolarized capacitor","3",""
"C27,C28,C30,C31,C34,C35,C36,C37,C38,C39,C40,C41","0.1uF","Capacitor_SMD:C_0402_1005Metric","","CL05B104KA5NNNC","","","12",""
"C32,C42","10μF","Capacitor_SMD:C_0402_1005Metric","","GRM155D80E475ME47J","","Unpolarized capacitor","2",""
"C33","4.7μF","Capacitor_SMD:C_0603_1608Metric","","CL10A475KO8NNNC","","Unpolarized capacitor","1",""
"D1","1N4148W_C81598","easyeda2kicad:SOD-123F_L2.7-W1.6-LS3.8-RD","ST(先科)","1N4148W","","1N4148W","1",""
"J1","USB_C_Receptacle_USB2.0_16P","Connector_USB:USB_C_Receptacle_G-Switch_GT-USB-7010ASV","","","","USB 2.0-only 16P Type-C Receptacle connector","1",""
"L1","AOTA-B201610S3R3-101-T","easyeda2kicad:IND-SMD_L2.0-W1.6_AOTA-B201610S3R3-101-T","ABRACON","AOTA-B201610S3R3-101-T","","","1",""
"L3","SWPA3015S2R2MT 2.2uH","easyeda2kicad:IND-SMD_L3.0-W3.0","Sunlord(顺络)","SWPA3015S2R2MT","","SWPA3015S2R2MT","1",""
"LED1,LED2","SK6812SIDE-A_C5378721","easyeda2kicad:LED-SMD_4P-L4.0-W1.6-L","OPSCO(欧思科)","SK6812SIDE-A","","","2",""
"Q1","MMBT3904_C181119","Package_TO_SOT_SMD:SOT-23-3","Hottech(合科泰)","MMBT3904","","","1",""
"R1,R2","10K","Resistor_SMD:R_0402_1005Metric","","","","Resistor","2",""
"R3","10k","Resistor_SMD:R_0603_1608Metric","UNI-ROYAL(厚声)","0603WAF1002T5E","","10KΩ (1002) ±1%","1",""
"R4,R49,R54,R55","1k","Resistor_SMD:R_0603_1608Metric","","RT0603FRE101KL","","Resistor","4",""
"R6,R9","10kΩ","Resistor_SMD:R_0603_1608Metric","UNI-ROYAL(厚声)","0603WAF1002T5E","","10KΩ (1002) ±1%","2",""
"R7,R8","2kΩ","Resistor_SMD:R_0603_1608Metric","YAGEO(国巨)","RC0603FR-072KL","","","2",""
"R11,R12","100kΩ","Resistor_SMD:R_0603_1608Metric","UNI-ROYAL(厚声)","0603WAF1003T5E","","100KΩ (1003) ±1%","2",""
"R23,R50,R51","33Ω","Resistor_SMD:R_0402_1005Metric","","RC0402FR-0733RL","","Resistor","3",""
"R52,R53","5.1k","Resistor_SMD:R_0402_1005Metric","","RC0402FR-075K1L","","Resistor","2",""
"SW1","SK-3296S-01-L3","easyeda2kicad:SW-SMD_SK-3296S-01-L3","XKB Connection(中国星坤)","SK-3296S-01-L3","","","1",""
"U1","PCF8563TS","Package_SO:MSOP-8_3x3mm_P0.65mm","","","","Realtime Clock/Calendar I2C Interface, TSSOP-8","1",""
"U2","AP2112K-3.3","Package_TO_SOT_SMD:SOT-23-5","","AP2112K-3.3TRG1","","","1",""
"U3","KLJ-5030-5040","easyeda2kicad:BUZ-SMD_3P-L5.0-W5.0-BL","KELIKING(凯丽金)","KLJ-5030-5040","","","1",""
"U5","ETA6003Q3Q_C5455585","easyeda2kicad:QFN-16_L3.0-W3.0-P0.50-TL-EP1.7-2","ETA(钰泰)","ETA6003Q3Q","","","1",""
"U14","RP2354A","Package_DFN_QFN:QFN-60-1EP_7x7mm_P0.4mm_EP3.4x3.4mm","","SC1511(13)-A4","","A microcontroller by Raspberry Pi, dual CPU architecture (ARM Cortex-M33 / RISC-V Hazard3), 150MHz, 2MB flash, 520KB SRAM, 12 PIO state machines, VQFN-60","1",""
"Y1","Crystal","Crystal:Crystal_SMD_3225-4Pin_3.2x2.5mm","","ABM8-272-T3","","","1",""
"Y2","Crystal","Crystal:Crystal_SMD_3215-2Pin_3.2x1.5mm","","","","Two pin crystal","1",""
