Ref,Val,Package,PosX,PosY,Rot,Side
"BT1","BC-25-3P","CONN-SMD_BC-25-3P",151.720000,-66.600000,0.000000,top
"C5","10pF","C_0603_1608Metric",149.559459,-101.875489,90.000000,top
"C6","10pF","C_0603_1608Metric",152.250000,-105.160000,180.000000,top
"C19","100nF 25V","C_0603_1608Metric",183.235000,-53.620000,0.000000,top
"C20","10uF 25V","C_0805_2012Metric",175.394998,-48.602500,180.000000,top
"C21","10uF 25V","C_0805_2012Metric",170.425000,-54.640000,-90.000000,top
"C22","22uF 25V","C_0805_2012Metric",183.415000,-51.825000,0.000000,top
"C23","1uF","C_0603_1608Metric",180.165000,-53.625000,180.000000,top
"C24","100nF 25V","C_0603_1608Metric",179.900000,-58.410000,180.000000,top
"C25","4.7μF","C_0402_1005Metric",168.655000,-106.590000,-90.000000,top
"C26","4.7μF","C_0402_1005Metric",154.490000,-100.790000,90.000000,top
"C27","0.1uF","C_0402_1005Metric",160.960000,-99.650000,0.000000,top
"C28","0.1uF","C_0402_1005Metric",167.595000,-106.590000,90.000000,top
"C29","4.7μF","C_0402_1005Metric",167.055000,-108.959999,-90.000000,top
"C30","0.1uF","C_0402_1005Metric",156.410000,-100.790000,-90.000000,top
"C31","0.1uF","C_0402_1005Metric",173.600000,-99.810000,180.000000,top
"C33","4.7μF","C_0603_1608Metric",186.530246,-55.550000,90.000000,top
"C34","0.1uF","C_0402_1005Metric",165.035000,-109.949998,90.000000,top
"C35","0.1uF","C_0402_1005Metric",166.535000,-103.210000,180.000000,top
"C36","0.1uF","C_0402_1005Metric",160.835000,-109.390000,0.000000,top
"C37","0.1uF","C_0402_1005Metric",166.545000,-106.590000,90.000000,top
"C38","0.1uF","C_0402_1005Metric",155.450000,-100.790000,-90.000000,top
"C39","0.1uF","C_0402_1005Metric",158.930000,-99.650000,0.000000,top
"C40","0.1uF","C_0402_1005Metric",158.110002,-109.390000,180.000000,top
"C41","0.1uF","C_0402_1005Metric",164.660000,-99.650000,180.000000,top
"C42","10μF","C_0402_1005Metric",150.750000,-54.750000,90.000000,top
"C45","1uF","C_0603_1608Metric",150.070000,-60.770000,90.000000,top
"C46","1uF","C_0603_1608Metric",184.410000,-59.089444,0.000000,top
"D1","1N4148W_C81598","SOD-123F_L2.7-W1.6-LS3.8-RD",180.930000,-102.790000,-90.000000,top
"J1","USB_C_Receptacle_USB2.0_16P","USB_C_Receptacle_G-Switch_GT-USB-7010ASV",167.527267,-46.695000,180.000000,top
"L1","AOTA-B201610S3R3-101-T","IND-SMD_L2.0-W1.6_AOTA-B201610S3R3-101-T",170.230000,-106.400000,-90.000000,top
"L3","SWPA3015S2R2MT 2.2uH","IND-SMD_L3.0-W3.0",176.665000,-45.922500,180.000000,top
"LED1","SK6812SIDE-A_C5378721","LED-SMD_4P-L4.0-W1.6-L",147.540144,-59.539508,90.000000,top
"LED2","SK6812SIDE-A_C5378721","LED-SMD_4P-L4.0-W1.6-L",187.520000,-59.539533,-90.000000,top
"Q1","MMBT3904_C181119","SOT-23-3",178.305001,-104.930000,-90.000000,top
"R1","10K","R_0402_1005Metric",175.580000,-99.820000,180.000000,top
"R2","10K","R_0402_1005Metric",177.490000,-99.820000,0.000000,top
"R3","10k","R_0603_1608Metric",180.080000,-99.660000,180.000000,top
"R4","1k","R_0603_1608Metric",178.430000,-102.010000,180.000000,top
"R6","10kΩ","R_0603_1608Metric",172.630000,-56.100000,-90.000000,top
"R7","2kΩ","R_0603_1608Metric",177.225000,-56.100000,-90.000000,top
"R8","2kΩ","R_0603_1608Metric",175.693333,-56.100000,-90.000000,top
"R9","10kΩ","R_0603_1608Metric",174.161667,-56.100000,-90.000000,top
"R11","100kΩ","R_0603_1608Metric",179.900000,-55.300000,0.000000,top
"R12","100kΩ","R_0603_1608Metric",179.900000,-56.875000,180.000000,top
"R23","33Ω","R_0402_1005Metric",166.045000,-108.959999,-90.000000,top
"R49","1k","R_0603_1608Metric",154.800000,-104.145000,90.000000,top
"R50","33Ω","R_0402_1005Metric",166.545000,-105.100000,0.000000,top
"R51","33Ω","R_0402_1005Metric",166.545000,-104.150000,180.000000,top
"R52","5.1k","R_0402_1005Metric",165.777267,-53.790000,-90.000000,top
"R53","5.1k","R_0402_1005Metric",168.777267,-53.790000,90.000000,top
"R54","1k","R_0603_1608Metric",171.125000,-99.810000,0.000000,top
"R55","1k","R_0603_1608Metric",167.125000,-99.810000,180.000000,top
"SW1","SK-3296S-01-L3","SW-SMD_SK-3296S-01-L3",171.143348,-110.469312,9.000000,top
"U1","PCF8563TS","MSOP-8_3x3mm_P0.65mm",174.750000,-103.840000,90.000000,top
"U2","AP2112K-3.3","SOT-23-5",183.605000,-56.340000,0.000000,top
"U3","KLJ-5030-5040","BUZ-SMD_3P-L5.0-W5.0-BL",184.330000,-101.830000,-90.000000,top
"U5","ETA6003Q3Q_C5455585","QFN-16_L3.0-W3.0-P0.50-TL-EP1.7-2",176.094998,-52.110000,-90.000000,top
"U14","RP2354A","QFN-60-1EP_7x7mm_P0.4mm_EP3.4x3.4mm",161.080000,-104.300000,-90.000000,top
"Y1","Crystal","Crystal_SMD_3225-4Pin_3.2x2.5mm",152.165144,-102.204290,90.000000,top
"Y2","Crystal","Crystal_SMD_3215-2Pin_3.2x1.5mm",177.750000,-108.500000,0.000000,top
